SupplierID,SupplierName,ContactPerson,Email,PhoneNumber,Country
S001,SportsTrend Enterprises,Rajiv Khanna,rajiv.k@sportstrend.com,+91 22 2222 3333,India
S002,fitness footwear ltd.,Anjali Bose,anjali.b@fitnessfootwear.com,+91 11 3333 4444,India
S003, AthleticZone Corp., Suresh Menon,suresh.m@athleticzone.com,+91 80 4444 5555,India
S004,UrbanKicks India,Pooja Reddy,pooja.r@urbankicks.com,+91 44 5555 6666,India
S005,TrendySteps Pvt Ltd,Aryan Gupta,aryan.g@trendysteps.com,+91 33 6666 7777,India
S006,SportsTrend Co.,rajiv khanna,rajiv.k@sportstrend.com,+91 22 2222 3333,India
S007,fitness footwear,anjali bose,anjali.b@fitnessfootwear.com,+91 11 3333 4444,India
S008,AthleticZone Company, suresh menon,suresh.m@athleticzone.com,+91 80 4444 5555,India
S009,UrbanKicks Pvt Ltd, pooja reddy,pooja.r@urbankicks.com,+91 44 5555 6666,India
S010,TrendySteps Corp., aryan gupta,aryan.g@trendysteps.com,+91 33 6666 7777,India
S011,SportsTrend Ltd,Rajiv Khanna,rajiv.k@sportstrend.com,+91 22 2222 3333,India
S012,FitnessFootwear Inc.,Anjali Bose,anjali.b@fitnessfootwear.com,+91 11 3333 4444,India
S013,AthleticZone Ltd, Suresh Menon,suresh.m@athleticzone.com,+91 80 4444 5555,India
S014,UrbanKicks Co.,Pooja Reddy,pooja.r@urbankicks.com,+91 44 5555 6666,India
S015,TrendySteps Ltd.,Aryan Gupta,aryan.g@trendysteps.com,+91 33 6666 7777,India
S016,SportsTrend Inc.,rajiv khanna,rajiv.k@sportstrend.com,+91 22 2222 3333,India
S017,Fitness Footwear,anjali bose,anjali.b@fitnessfootwear.com,+91 11 3333 4444,India
S018,AthleticZone Pvt Ltd, suresh menon,suresh.m@athleticzone.com,+91 80 4444 5555,India
S019,UrbanKicks Enterprises, pooja reddy,pooja.r@urbankicks.com,+91 44 5555 6666,India
S020,TrendySteps Co., aryan gupta,aryan.g@trendysteps.com,+91 33 6666 7777,India
S021,SportsTrend Pvt Ltd,Rajiv Khanna,rajiv.k@sportstrend.com,+91 22 2222 3333,India
S022,Fitness Footwear Ltd,Anjali Bose,anjali.b@fitnessfootwear.com,+91 11 3333 4444,India
S023,AthleticZone Corp., Suresh Menon,suresh.m@athleticzone.com,+91 80 4444 5555,India
S024,UrbanKicks Ltd,Pooja Reddy,pooja.r@urbankicks.com,+91 44 5555 6666,India
S025,TrendySteps Enterprises,Aryan Gupta,aryan.g@trendysteps.com,+91 33 6666 7777,India
S026,SportsTrend Corp.,rajiv khanna,rajiv.k@sportstrend.com,+91 22 2222 3333,India
S027,Fitness Footwear Inc.,anjali bose,anjali.b@fitnessfootwear.com,+91 11 3333 4444,India
S028,AthleticZone Co., suresh menon,suresh.m@athleticzone.com,+91 80 4444 5555,India
S029,UrbanKicks Pvt Ltd, pooja reddy,pooja.r@urbankicks.com,+91 44 5555 6666,India
S030,TrendySteps Pvt Ltd, aryan gupta,aryan.g@trendysteps.com,+91 33 6666 7777,India
S031,SportsTrend Ltd.,Rajiv Khanna,rajiv.k@sportstrend.com,+91 22 2222 3333,India
S032,FitnessFootwear Ltd.,Anjali Bose,anjali.b@fitnessfootwear.com,+91 11 3333 4444,India
S033,AthleticZone Ltd., Suresh Menon,suresh.m@athleticzone.com,+91 80 4444 5555,India
S034,UrbanKicks Co.,Pooja Reddy,pooja.r@urbankicks.com,+91 44 5555 6666,India
S035,TrendySteps Ltd.,Aryan Gupta,aryan.g@trendysteps.com,+91 33 6666 7777,India
S036,SportsTrend Enterprises,rajiv khanna,rajiv.k@sportstrend.com,+91 22 2222 3333,India
S037,fitness footwear,anjali bose,anjali.b@fitnessfootwear.com,+91 11 3333 4444,India
S038,AthleticZone Enterprises, suresh menon,suresh.m@athleticzone.com,+91 80 4444 5555,India
S039,UrbanKicks Inc., pooja reddy,pooja.r@urbankicks.com,+91 44 5555 6666,India
S040,TrendySteps Co., aryan gupta,aryan.g@trendysteps.com,+91 33 6666 7777,India
S041,SportsTrend Co.,Rajiv Khanna,rajiv.k@sportstrend.com,+91 22 2222 3333,India
S042,Fitness Footwear Ltd,Anjali Bose,anjali.b@fitnessfootwear.com,+91 11 3333 4444,India
S043,AthleticZone Corp., Suresh Menon,suresh.m@athleticzone.com,+91 80 4444 5555,India
S044,UrbanKicks Ltd.,Pooja Reddy,pooja.r@urbankicks.com,+91 44 5555 6666,India
S045,TrendySteps Enterprises,Aryan Gupta,aryan.g@trendysteps.com,+91 33 6666 7777,India
S046,SportsTrend Corp.,rajiv khanna,rajiv.k@sportstrend.com,+91 22 2222 3333,India
S047,fitness footwear inc.,anjali bose,anjali.b@fitnessfootwear.com,+91 11 3333 4444,India
S048,AthleticZone Ltd., suresh menon,suresh.m@athleticzone.com,+91 80 4444 5555,India
S049,UrbanKicks Pvt Ltd., pooja reddy,pooja.r@urbankicks.com,+91 44 5555 6666,India
S050,TrendySteps Inc., aryan gupta,aryan.g@trendysteps.com,+91 33 6666 7777,India
